movieId,tmdbId,posterUrl,source
1,862,https://image.tmdb.org/t/p/w500/uXDfjJbdP4ijW5hWSBrPrlKpxab.jpg,TMDB_PREPARED
50,629,https://image.tmdb.org/t/p/w500/bUPmtQzrRhzqYySeiMpv7GurAfm.jpg,TMDB_PREPARED
110,197,https://image.tmdb.org/t/p/w500/or1gBugydmjToAEq7OZY0owwFk.jpg,TMDB_PREPARED
260,11,https://image.tmdb.org/t/p/w500/6FfCtAuVAW8XJjZ7eWeLibRLWTw.jpg,TMDB_PREPARED
296,680,https://image.tmdb.org/t/p/w500/d5iIlFn5s0ImszYzBPb8JPIfbXD.jpg,TMDB_PREPARED
318,278,https://image.tmdb.org/t/p/w500/q6y0Go1tsGEsmtFryDOJo3dEmqu.jpg,TMDB_PREPARED
356,13,https://image.tmdb.org/t/p/w500/arw2vcBveWOVZr6pxd9XTd1TdQa.jpg,TMDB_PREPARED
480,329,https://image.tmdb.org/t/p/w500/b1xCNnyrPebIc7EWNZIa6jhb1Ww.jpg,TMDB_PREPARED
527,424,https://image.tmdb.org/t/p/w500/sF1U4EUQS8YHUYjNl3pMGNIQyr0.jpg,TMDB_PREPARED
593,274,https://image.tmdb.org/t/p/w500/uS9m8OBk1A8eM9I042bx8XXpqAq.jpg,TMDB_PREPARED
858,238,https://image.tmdb.org/t/p/w500/3bhkrj58Vtu7enYsRolD1fZdja1.jpg,TMDB_PREPARED
1196,1891,https://image.tmdb.org/t/p/w500/nNAeTmF4CtdSgMDplXTDPOpYzsX.jpg,TMDB_PREPARED
1197,2493,https://image.tmdb.org/t/p/w500/kTXxdNv44najTayFcrT487xWuDv.jpg,TMDB_PREPARED
1198,85,https://image.tmdb.org/t/p/w500/ceG9VzoRAVGwivFU403Wc3AHRys.jpg,TMDB_PREPARED
1221,240,https://image.tmdb.org/t/p/w500/hek3koDUyRQk7FIhPXsa6mT2Zc3.jpg,TMDB_PREPARED
2028,857,https://image.tmdb.org/t/p/w500/1wY4psJ5NVEhCuOYROwLH2XExM2.jpg,TMDB_PREPARED
2571,603,https://image.tmdb.org/t/p/w500/f89U3ADr1oiB1s9GkdPOEpXUk5H.jpg,TMDB_PREPARED
2858,14,https://image.tmdb.org/t/p/w500/wby9315QzVKdW9BonAefg8jGTTb.jpg,TMDB_PREPARED
2959,550,https://image.tmdb.org/t/p/w500/pB8BM7pdSp6B6Ih7QZ4DrQ3PmJK.jpg,TMDB_PREPARED
4993,120,https://image.tmdb.org/t/p/w500/6oom5QYQ2yQTMJIbnvbkBL9cHo6.jpg,TMDB_PREPARED
5618,129,https://image.tmdb.org/t/p/w500/39wmItIWsg5sZMyRUHLkWBcuVCM.jpg,TMDB_PREPARED
5952,121,https://image.tmdb.org/t/p/w500/5VTN0pR8gcqV3EPUHHfMGnJYN9L.jpg,TMDB_PREPARED
7153,122,https://image.tmdb.org/t/p/w500/rCzpDGLbOoPwLjy3OAm5NUPOTrC.jpg,TMDB_PREPARED
58559,155,https://image.tmdb.org/t/p/w500/qJ2tW6WMUDux911r6m7haRef0WH.jpg,TMDB_PREPARED
60069,10681,https://image.tmdb.org/t/p/w500/hbhFnRzzg6ZDmm8YAmxBnQpQIPh.jpg,TMDB_PREPARED
79132,27205,https://image.tmdb.org/t/p/w500/oYuLEt3zVCKq57qu2F8dT7NIa6f.jpg,TMDB_PREPARED
109487,157336,https://image.tmdb.org/t/p/w500/gEU2QniE6E77NI6lCU6MxlNBvIx.jpg,TMDB_PREPARED
